-- phpMyAdmin SQL Dump
-- version 4.8.0.1
-- https://www.phpmyadmin.net/
--
-- Host: 127.0.0.1
-- Generation Time: Nov 24, 2021 at 11:09 PM
-- Server version: 10.1.32-MariaDB
-- PHP Version: 7.2.5

SET SQL_MODE = "NO_AUTO_VALUE_ON_ZERO";
SET AUTOCOMMIT = 0;
START TRANSACTION;
SET time_zone = "+00:00";


/*!40101 SET @OLD_CHARACTER_SET_CLIENT=@@CHARACTER_SET_CLIENT */;
/*!40101 SET @OLD_CHARACTER_SET_RESULTS=@@CHARACTER_SET_RESULTS */;
/*!40101 SET @OLD_COLLATION_CONNECTION=@@COLLATION_CONNECTION */;
/*!40101 SET NAMES utf8mb4 */;

--
-- Database: `school_system`
--

-- --------------------------------------------------------

--
-- Table structure for table `bloods`
--

CREATE TABLE `bloods` (
  `id` int(10) UNSIGNED NOT NULL,
  `blood_name` varchar(191) COLLATE utf8mb4_unicode_ci NOT NULL,
  `created_at` timestamp NULL DEFAULT NULL,
  `updated_at` timestamp NULL DEFAULT NULL
) ENGINE=InnoDB DEFAULT CHARSET=utf8mb4 COLLATE=utf8mb4_unicode_ci;

--
-- Dumping data for table `bloods`
--

INSERT INTO `bloods` (`id`, `blood_name`, `created_at`, `updated_at`) VALUES
(1, 'O +', '2021-11-24 20:04:58', '2021-11-24 20:04:58'),
(2, 'O -', '2021-11-24 20:04:58', '2021-11-24 20:04:58'),
(3, 'A +', '2021-11-24 20:04:58', '2021-11-24 20:04:58'),
(4, 'A -', '2021-11-24 20:04:58', '2021-11-24 20:04:58'),
(5, 'B +', '2021-11-24 20:04:58', '2021-11-24 20:04:58'),
(6, 'B -', '2021-11-24 20:04:58', '2021-11-24 20:04:58'),
(7, 'AB +', '2021-11-24 20:04:58', '2021-11-24 20:04:58'),
(8, 'AB -', '2021-11-24 20:04:58', '2021-11-24 20:04:58');

-- --------------------------------------------------------

--
-- Table structure for table `chapters`
--

CREATE TABLE `chapters` (
  `id` int(10) UNSIGNED NOT NULL,
  `chapter_name` varchar(191) COLLATE utf8mb4_unicode_ci NOT NULL,
  `grade_id` int(10) UNSIGNED NOT NULL,
  `created_at` timestamp NULL DEFAULT NULL,
  `updated_at` timestamp NULL DEFAULT NULL
) ENGINE=InnoDB DEFAULT CHARSET=utf8mb4 COLLATE=utf8mb4_unicode_ci;

--
-- Dumping data for table `chapters`
--

INSERT INTO `chapters` (`id`, `chapter_name`, `grade_id`, `created_at`, `updated_at`) VALUES
(1, '{\"ar\":\"\\u0627\\u0644\\u0635\\u0641 \\u0627\\u0644\\u0627\\u0648\\u0644\",\"en\":\"first class\"}', 1, '2021-11-24 20:06:42', '2021-11-24 20:06:42'),
(2, '{\"ar\":\"\\u0627\\u0644\\u0635\\u0641 \\u0627\\u0644\\u062b\\u0627\\u0646\\u064a\",\"en\":\"second class\"}', 1, '2021-11-24 20:06:42', '2021-11-24 20:06:42'),
(3, '{\"ar\":\"\\u0627\\u0644\\u0635\\u0641 \\u0627\\u0644\\u062b\\u0627\\u0644\\u062b\",\"en\":\"third class\"}', 1, '2021-11-24 20:06:42', '2021-11-24 20:06:42'),
(4, '{\"ar\":\"\\u0627\\u0644\\u0635\\u0641 \\u0627\\u0644\\u0627\\u0648\\u0644\",\"en\":\"first class\"}', 2, '2021-11-24 20:07:24', '2021-11-24 20:07:24'),
(5, '{\"ar\":\"\\u0627\\u0644\\u0635\\u0641 \\u0627\\u0644\\u062b\\u0627\\u0646\\u064a\",\"en\":\"second class\"}', 2, '2021-11-24 20:07:24', '2021-11-24 20:07:24'),
(6, '{\"ar\":\"\\u0627\\u0644\\u0635\\u0641 \\u0627\\u0644\\u062b\\u0627\\u0644\\u062b\",\"en\":\"third class\"}', 2, '2021-11-24 20:07:24', '2021-11-24 20:07:24'),
(7, '{\"ar\":\"\\u0627\\u0644\\u0635\\u0641 \\u0627\\u0644\\u0631\\u0627\\u0628\\u0639\",\"en\":\"forth class\"}', 2, '2021-11-24 20:07:24', '2021-11-24 20:07:24'),
(8, '{\"ar\":\"\\u0627\\u0644\\u0635\\u0641 \\u0627\\u0644\\u062e\\u0627\\u0645\\u0633\",\"en\":\"fifth class\"}', 2, '2021-11-24 20:07:24', '2021-11-24 20:07:24'),
(9, '{\"ar\":\"\\u0627\\u0644\\u0635\\u0641 \\u0627\\u0644\\u0633\\u0627\\u062f\\u0633\",\"en\":\"sixth class\"}', 2, '2021-11-24 20:07:24', '2021-11-24 20:07:24'),
(10, '{\"ar\":\"\\u0627\\u0644\\u0635\\u0641 \\u0627\\u0644\\u0627\\u0648\\u0644\",\"en\":\"first class\"}', 3, '2021-11-24 20:07:40', '2021-11-24 20:07:40'),
(11, '{\"ar\":\"\\u0627\\u0644\\u0635\\u0641 \\u0627\\u0644\\u062b\\u0627\\u0646\\u064a\",\"en\":\"second class\"}', 3, '2021-11-24 20:07:40', '2021-11-24 20:07:40'),
(12, '{\"ar\":\"\\u0627\\u0644\\u0635\\u0641 \\u0627\\u0644\\u062b\\u0627\\u0644\\u062b\",\"en\":\"third class\"}', 3, '2021-11-24 20:07:40', '2021-11-24 20:07:40'),
(13, '{\"ar\":\"\\u0627\\u0644\\u0635\\u0641 \\u0627\\u0644\\u0627\\u0648\\u0644\",\"en\":\"first class\"}', 4, '2021-11-24 20:07:55', '2021-11-24 20:07:55'),
(14, '{\"ar\":\"\\u0627\\u0644\\u0635\\u0641 \\u0627\\u0644\\u062b\\u0627\\u0646\\u064a\",\"en\":\"second class\"}', 4, '2021-11-24 20:07:55', '2021-11-24 20:07:55'),
(15, '{\"ar\":\"\\u0627\\u0644\\u0635\\u0641 \\u0627\\u0644\\u062b\\u0627\\u0644\\u062b\",\"en\":\"third class\"}', 4, '2021-11-24 20:07:55', '2021-11-24 20:07:55');

-- --------------------------------------------------------

--
-- Table structure for table `failed_jobs`
--

CREATE TABLE `failed_jobs` (
  `id` bigint(20) UNSIGNED NOT NULL,
  `connection` text COLLATE utf8mb4_unicode_ci NOT NULL,
  `queue` text COLLATE utf8mb4_unicode_ci NOT NULL,
  `payload` longtext COLLATE utf8mb4_unicode_ci NOT NULL,
  `exception` longtext COLLATE utf8mb4_unicode_ci NOT NULL,
  `failed_at` timestamp NOT NULL DEFAULT CURRENT_TIMESTAMP
) ENGINE=InnoDB DEFAULT CHARSET=utf8mb4 COLLATE=utf8mb4_unicode_ci;

-- --------------------------------------------------------

--
-- Table structure for table `grades`
--

CREATE TABLE `grades` (
  `id` int(10) UNSIGNED NOT NULL,
  `name` varchar(191) COLLATE utf8mb4_unicode_ci NOT NULL,
  `notes` text COLLATE utf8mb4_unicode_ci,
  `created_at` timestamp NULL DEFAULT NULL,
  `updated_at` timestamp NULL DEFAULT NULL
) ENGINE=InnoDB DEFAULT CHARSET=utf8mb4 COLLATE=utf8mb4_unicode_ci;

--
-- Dumping data for table `grades`
--

INSERT INTO `grades` (`id`, `name`, `notes`, `created_at`, `updated_at`) VALUES
(1, '{\"ar\":\"\\u0645\\u0631\\u062d\\u0644\\u0647 \\u0631\\u064a\\u0627\\u0636 \\u0627\\u0644\\u0627\\u0637\\u0641\\u0627\\u0644\",\"en\":\"Kindergarten stage\"}', NULL, '2021-11-24 20:05:58', '2021-11-24 20:05:58'),
(2, '{\"ar\":\"\\u0627\\u0644\\u0645\\u0631\\u062d\\u0644\\u0647 \\u0627\\u0644\\u0627\\u0628\\u062a\\u062f\\u0627\\u0626\\u064a\\u0647\",\"en\":\"Primary Stage\"}', NULL, '2021-11-24 20:06:03', '2021-11-24 20:06:03'),
(3, '{\"ar\":\"\\u0627\\u0644\\u0645\\u0631\\u062d\\u0644\\u0647 \\u0627\\u0644\\u0627\\u0639\\u062f\\u0627\\u062f\\u064a\\u0647\",\"en\":\"Preparatory Stage\"}', NULL, '2021-11-24 20:06:15', '2021-11-24 20:06:15'),
(4, '{\"ar\":\"\\u0627\\u0644\\u0645\\u0631\\u062d\\u0644\\u0647 \\u0627\\u0644\\u062b\\u0627\\u0646\\u0648\\u064a\\u0647\",\"en\":\"Secondary School\"}', NULL, '2021-11-24 20:06:23', '2021-11-24 20:06:23');

-- --------------------------------------------------------

--
-- Table structure for table `migrations`
--

CREATE TABLE `migrations` (
  `id` int(10) UNSIGNED NOT NULL,
  `migration` varchar(191) COLLATE utf8mb4_unicode_ci NOT NULL,
  `batch` int(11) NOT NULL
) ENGINE=InnoDB DEFAULT CHARSET=utf8mb4 COLLATE=utf8mb4_unicode_ci;

--
-- Dumping data for table `migrations`
--

INSERT INTO `migrations` (`id`, `migration`, `batch`) VALUES
(1, '2014_10_12_000000_create_users_table', 1),
(2, '2014_10_12_100000_create_password_resets_table', 1),
(3, '2019_08_19_000000_create_failed_jobs_table', 1),
(4, '2021_11_14_150551_create_grades_table', 1),
(5, '2021_11_17_222325_create_chapters_table', 1),
(6, '2021_11_21_122553_create_sections_table', 1),
(7, '2021_11_24_162133_create_bloods_table', 1),
(8, '2021_11_24_163337_create_religions_table', 1),
(9, '2021_11_24_164105_create_nationalities_table', 1),
(10, '2021_11_24_213931_create_my_parents_table', 1);

-- --------------------------------------------------------

--
-- Table structure for table `my_parents`
--

CREATE TABLE `my_parents` (
  `id` int(10) UNSIGNED NOT NULL,
  `email` varchar(191) COLLATE utf8mb4_unicode_ci NOT NULL,
  `password` varchar(191) COLLATE utf8mb4_unicode_ci NOT NULL,
  `father_name` varchar(191) COLLATE utf8mb4_unicode_ci NOT NULL,
  `father_address` varchar(191) COLLATE utf8mb4_unicode_ci NOT NULL,
  `father_phone` varchar(191) COLLATE utf8mb4_unicode_ci NOT NULL,
  `father_id` varchar(191) COLLATE utf8mb4_unicode_ci NOT NULL,
  `father_passport` varchar(191) COLLATE utf8mb4_unicode_ci NOT NULL,
  `father_job` varchar(191) COLLATE utf8mb4_unicode_ci NOT NULL,
  `father_nationality_id` int(10) UNSIGNED NOT NULL,
  `father_religion_id` int(10) UNSIGNED NOT NULL,
  `father_blood_id` int(10) UNSIGNED NOT NULL,
  `mother_name` varchar(191) COLLATE utf8mb4_unicode_ci NOT NULL,
  `mother_address` varchar(191) COLLATE utf8mb4_unicode_ci NOT NULL,
  `mother_phone` varchar(191) COLLATE utf8mb4_unicode_ci NOT NULL,
  `mother_id` varchar(191) COLLATE utf8mb4_unicode_ci NOT NULL,
  `mother_passport` varchar(191) COLLATE utf8mb4_unicode_ci NOT NULL,
  `mother_job` varchar(191) COLLATE utf8mb4_unicode_ci NOT NULL,
  `mother_nationality_id` int(10) UNSIGNED NOT NULL,
  `mother_religion_id` int(10) UNSIGNED NOT NULL,
  `mother_blood_id` int(10) UNSIGNED NOT NULL,
  `created_at` timestamp NULL DEFAULT NULL,
  `updated_at` timestamp NULL DEFAULT NULL
) ENGINE=InnoDB DEFAULT CHARSET=utf8mb4 COLLATE=utf8mb4_unicode_ci;

-- --------------------------------------------------------

--
-- Table structure for table `nationalities`
--

CREATE TABLE `nationalities` (
  `id` int(10) UNSIGNED NOT NULL,
  `name` text COLLATE utf8mb4_unicode_ci NOT NULL,
  `created_at` timestamp NULL DEFAULT NULL,
  `updated_at` timestamp NULL DEFAULT NULL
) ENGINE=InnoDB DEFAULT CHARSET=utf8mb4 COLLATE=utf8mb4_unicode_ci;

--
-- Dumping data for table `nationalities`
--

INSERT INTO `nationalities` (`id`, `name`, `created_at`, `updated_at`) VALUES
(1, '{\"en\":\"Afghan\",\"ar\":\"\\u0623\\u0641\\u063a\\u0627\\u0646\\u0633\\u062a\\u0627\\u0646\\u064a\"}', '2021-11-24 20:04:58', '2021-11-24 20:04:58'),
(2, '{\"en\":\"Albanian\",\"ar\":\"\\u0623\\u0644\\u0628\\u0627\\u0646\\u064a\"}', '2021-11-24 20:04:58', '2021-11-24 20:04:58'),
(3, '{\"en\":\"Aland Islander\",\"ar\":\"\\u0622\\u0644\\u0627\\u0646\\u062f\\u064a\"}', '2021-11-24 20:04:58', '2021-11-24 20:04:58'),
(4, '{\"en\":\"Algerian\",\"ar\":\"\\u062c\\u0632\\u0627\\u0626\\u0631\\u064a\"}', '2021-11-24 20:04:58', '2021-11-24 20:04:58'),
(5, '{\"en\":\"American Samoan\",\"ar\":\"\\u0623\\u0645\\u0631\\u064a\\u0643\\u064a \\u0633\\u0627\\u0645\\u0648\\u0627\\u0646\\u064a\"}', '2021-11-24 20:04:58', '2021-11-24 20:04:58'),
(6, '{\"en\":\"Andorran\",\"ar\":\"\\u0623\\u0646\\u062f\\u0648\\u0631\\u064a\"}', '2021-11-24 20:04:58', '2021-11-24 20:04:58'),
(7, '{\"en\":\"Angolan\",\"ar\":\"\\u0623\\u0646\\u0642\\u0648\\u0644\\u064a\"}', '2021-11-24 20:04:58', '2021-11-24 20:04:58'),
(8, '{\"en\":\"Anguillan\",\"ar\":\"\\u0623\\u0646\\u063a\\u0648\\u064a\\u0644\\u064a\"}', '2021-11-24 20:04:58', '2021-11-24 20:04:58'),
(9, '{\"en\":\"Antarctican\",\"ar\":\"\\u0623\\u0646\\u062a\\u0627\\u0631\\u0643\\u062a\\u064a\\u0643\\u064a\"}', '2021-11-24 20:04:58', '2021-11-24 20:04:58'),
(10, '{\"en\":\"Antiguan\",\"ar\":\"\\u0628\\u0631\\u0628\\u0648\\u062f\\u064a\"}', '2021-11-24 20:04:58', '2021-11-24 20:04:58'),
(11, '{\"en\":\"Argentinian\",\"ar\":\"\\u0623\\u0631\\u062c\\u0646\\u062a\\u064a\\u0646\\u064a\"}', '2021-11-24 20:04:58', '2021-11-24 20:04:58'),
(12, '{\"en\":\"Armenian\",\"ar\":\"\\u0623\\u0631\\u0645\\u064a\\u0646\\u064a\"}', '2021-11-24 20:04:58', '2021-11-24 20:04:58'),
(13, '{\"en\":\"Aruban\",\"ar\":\"\\u0623\\u0648\\u0631\\u0648\\u0628\\u0647\\u064a\\u0646\\u064a\"}', '2021-11-24 20:04:58', '2021-11-24 20:04:58'),
(14, '{\"en\":\"Australian\",\"ar\":\"\\u0623\\u0633\\u062a\\u0631\\u0627\\u0644\\u064a\"}', '2021-11-24 20:04:58', '2021-11-24 20:04:58'),
(15, '{\"en\":\"Austrian\",\"ar\":\"\\u0646\\u0645\\u0633\\u0627\\u0648\\u064a\"}', '2021-11-24 20:04:58', '2021-11-24 20:04:58'),
(16, '{\"en\":\"Azerbaijani\",\"ar\":\"\\u0623\\u0630\\u0631\\u0628\\u064a\\u062c\\u0627\\u0646\\u064a\"}', '2021-11-24 20:04:58', '2021-11-24 20:04:58'),
(17, '{\"en\":\"Bahamian\",\"ar\":\"\\u0628\\u0627\\u0647\\u0627\\u0645\\u064a\\u0633\\u064a\"}', '2021-11-24 20:04:58', '2021-11-24 20:04:58'),
(18, '{\"en\":\"Bahraini\",\"ar\":\"\\u0628\\u062d\\u0631\\u064a\\u0646\\u064a\"}', '2021-11-24 20:04:58', '2021-11-24 20:04:58'),
(19, '{\"en\":\"Bangladeshi\",\"ar\":\"\\u0628\\u0646\\u063a\\u0644\\u0627\\u062f\\u064a\\u0634\\u064a\"}', '2021-11-24 20:04:58', '2021-11-24 20:04:58'),
(20, '{\"en\":\"Barbadian\",\"ar\":\"\\u0628\\u0631\\u0628\\u0627\\u062f\\u0648\\u0633\\u064a\"}', '2021-11-24 20:04:58', '2021-11-24 20:04:58'),
(21, '{\"en\":\"Belarusian\",\"ar\":\"\\u0631\\u0648\\u0633\\u064a\"}', '2021-11-24 20:04:58', '2021-11-24 20:04:58'),
(22, '{\"en\":\"Belgian\",\"ar\":\"\\u0628\\u0644\\u062c\\u064a\\u0643\\u064a\"}', '2021-11-24 20:04:58', '2021-11-24 20:04:58'),
(23, '{\"en\":\"Belizean\",\"ar\":\"\\u0628\\u064a\\u0644\\u064a\\u0632\\u064a\"}', '2021-11-24 20:04:58', '2021-11-24 20:04:58'),
(24, '{\"en\":\"Beninese\",\"ar\":\"\\u0628\\u0646\\u064a\\u0646\\u064a\"}', '2021-11-24 20:04:58', '2021-11-24 20:04:58'),
(25, '{\"en\":\"Saint Barthelmian\",\"ar\":\"\\u0633\\u0627\\u0646 \\u0628\\u0627\\u0631\\u062a\\u064a\\u0644\\u0645\\u064a\"}', '2021-11-24 20:04:58', '2021-11-24 20:04:58'),
(26, '{\"en\":\"Bermudan\",\"ar\":\"\\u0628\\u0631\\u0645\\u0648\\u062f\\u064a\"}', '2021-11-24 20:04:58', '2021-11-24 20:04:58'),
(27, '{\"en\":\"Bhutanese\",\"ar\":\"\\u0628\\u0648\\u062a\\u0627\\u0646\\u064a\"}', '2021-11-24 20:04:58', '2021-11-24 20:04:58'),
(28, '{\"en\":\"Bolivian\",\"ar\":\"\\u0628\\u0648\\u0644\\u064a\\u0641\\u064a\"}', '2021-11-24 20:04:58', '2021-11-24 20:04:58'),
(29, '{\"en\":\"Bosnian \\/ Herzegovinian\",\"ar\":\"\\u0628\\u0648\\u0633\\u0646\\u064a\\/\\u0647\\u0631\\u0633\\u0643\\u064a\"}', '2021-11-24 20:04:58', '2021-11-24 20:04:58'),
(30, '{\"en\":\"Botswanan\",\"ar\":\"\\u0628\\u0648\\u062a\\u0633\\u0648\\u0627\\u0646\\u064a\"}', '2021-11-24 20:04:58', '2021-11-24 20:04:58'),
(31, '{\"en\":\"Bouvetian\",\"ar\":\"\\u0628\\u0648\\u0641\\u064a\\u0647\\u064a\"}', '2021-11-24 20:04:58', '2021-11-24 20:04:58'),
(32, '{\"en\":\"Brazilian\",\"ar\":\"\\u0628\\u0631\\u0627\\u0632\\u064a\\u0644\\u064a\"}', '2021-11-24 20:04:58', '2021-11-24 20:04:58'),
(33, '{\"en\":\"British Indian Ocean Territory\",\"ar\":\"\\u0625\\u0642\\u0644\\u064a\\u0645 \\u0627\\u0644\\u0645\\u062d\\u064a\\u0637 \\u0627\\u0644\\u0647\\u0646\\u062f\\u064a \\u0627\\u0644\\u0628\\u0631\\u064a\\u0637\\u0627\\u0646\\u064a\"}', '2021-11-24 20:04:58', '2021-11-24 20:04:58'),
(34, '{\"en\":\"Bruneian\",\"ar\":\"\\u0628\\u0631\\u0648\\u0646\\u064a\"}', '2021-11-24 20:04:58', '2021-11-24 20:04:58'),
(35, '{\"en\":\"Bulgarian\",\"ar\":\"\\u0628\\u0644\\u063a\\u0627\\u0631\\u064a\"}', '2021-11-24 20:04:58', '2021-11-24 20:04:58'),
(36, '{\"en\":\"Burkinabe\",\"ar\":\"\\u0628\\u0648\\u0631\\u0643\\u064a\\u0646\\u064a\"}', '2021-11-24 20:04:58', '2021-11-24 20:04:58'),
(37, '{\"en\":\"Burundian\",\"ar\":\"\\u0628\\u0648\\u0631\\u0648\\u0646\\u064a\\u062f\\u064a\"}', '2021-11-24 20:04:58', '2021-11-24 20:04:58'),
(38, '{\"en\":\"Cambodian\",\"ar\":\"\\u0643\\u0645\\u0628\\u0648\\u062f\\u064a\"}', '2021-11-24 20:04:58', '2021-11-24 20:04:58'),
(39, '{\"en\":\"Cameroonian\",\"ar\":\"\\u0643\\u0627\\u0645\\u064a\\u0631\\u0648\\u0646\\u064a\"}', '2021-11-24 20:04:58', '2021-11-24 20:04:58'),
(40, '{\"en\":\"Canadian\",\"ar\":\"\\u0643\\u0646\\u062f\\u064a\"}', '2021-11-24 20:04:58', '2021-11-24 20:04:58'),
(41, '{\"en\":\"Cape Verdean\",\"ar\":\"\\u0627\\u0644\\u0631\\u0623\\u0633 \\u0627\\u0644\\u0623\\u062e\\u0636\\u0631\"}', '2021-11-24 20:04:58', '2021-11-24 20:04:58'),
(42, '{\"en\":\"Caymanian\",\"ar\":\"\\u0643\\u0627\\u064a\\u0645\\u0627\\u0646\\u064a\"}', '2021-11-24 20:04:58', '2021-11-24 20:04:58'),
(43, '{\"en\":\"Central African\",\"ar\":\"\\u0623\\u0641\\u0631\\u064a\\u0642\\u064a\"}', '2021-11-24 20:04:58', '2021-11-24 20:04:58'),
(44, '{\"en\":\"Chadian\",\"ar\":\"\\u062a\\u0634\\u0627\\u062f\\u064a\"}', '2021-11-24 20:04:58', '2021-11-24 20:04:58'),
(45, '{\"en\":\"Chilean\",\"ar\":\"\\u0634\\u064a\\u0644\\u064a\"}', '2021-11-24 20:04:58', '2021-11-24 20:04:58'),
(46, '{\"en\":\"Chinese\",\"ar\":\"\\u0635\\u064a\\u0646\\u064a\"}', '2021-11-24 20:04:58', '2021-11-24 20:04:58'),
(47, '{\"en\":\"Christmas Islander\",\"ar\":\"\\u062c\\u0632\\u064a\\u0631\\u0629 \\u0639\\u064a\\u062f \\u0627\\u0644\\u0645\\u064a\\u0644\\u0627\\u062f\"}', '2021-11-24 20:04:58', '2021-11-24 20:04:58'),
(48, '{\"en\":\"Cocos Islander\",\"ar\":\"\\u062c\\u0632\\u0631 \\u0643\\u0648\\u0643\\u0648\\u0633\"}', '2021-11-24 20:04:58', '2021-11-24 20:04:58'),
(49, '{\"en\":\"Colombian\",\"ar\":\"\\u0643\\u0648\\u0644\\u0648\\u0645\\u0628\\u064a\"}', '2021-11-24 20:04:58', '2021-11-24 20:04:58'),
(50, '{\"en\":\"Comorian\",\"ar\":\"\\u062c\\u0632\\u0631 \\u0627\\u0644\\u0642\\u0645\\u0631\"}', '2021-11-24 20:04:58', '2021-11-24 20:04:58'),
(51, '{\"en\":\"Congolese\",\"ar\":\"\\u0643\\u0648\\u0646\\u063a\\u064a\"}', '2021-11-24 20:04:58', '2021-11-24 20:04:58'),
(52, '{\"en\":\"Cook Islander\",\"ar\":\"\\u062c\\u0632\\u0631 \\u0643\\u0648\\u0643\"}', '2021-11-24 20:04:58', '2021-11-24 20:04:58'),
(53, '{\"en\":\"Costa Rican\",\"ar\":\"\\u0643\\u0648\\u0633\\u062a\\u0627\\u0631\\u064a\\u0643\\u064a\"}', '2021-11-24 20:04:58', '2021-11-24 20:04:58'),
(54, '{\"en\":\"Croatian\",\"ar\":\"\\u0643\\u0648\\u0631\\u0627\\u062a\\u064a\"}', '2021-11-24 20:04:58', '2021-11-24 20:04:58'),
(55, '{\"en\":\"Cuban\",\"ar\":\"\\u0643\\u0648\\u0628\\u064a\"}', '2021-11-24 20:04:58', '2021-11-24 20:04:58'),
(56, '{\"en\":\"Cypriot\",\"ar\":\"\\u0642\\u0628\\u0631\\u0635\\u064a\"}', '2021-11-24 20:04:58', '2021-11-24 20:04:58'),
(57, '{\"en\":\"Curacian\",\"ar\":\"\\u0643\\u0648\\u0631\\u0627\\u0633\\u0627\\u0648\\u064a\"}', '2021-11-24 20:04:58', '2021-11-24 20:04:58'),
(58, '{\"en\":\"Czech\",\"ar\":\"\\u062a\\u0634\\u064a\\u0643\\u064a\"}', '2021-11-24 20:04:58', '2021-11-24 20:04:58'),
(59, '{\"en\":\"Danish\",\"ar\":\"\\u062f\\u0646\\u0645\\u0627\\u0631\\u0643\\u064a\"}', '2021-11-24 20:04:58', '2021-11-24 20:04:58'),
(60, '{\"en\":\"Djiboutian\",\"ar\":\"\\u062c\\u064a\\u0628\\u0648\\u062a\\u064a\"}', '2021-11-24 20:04:58', '2021-11-24 20:04:58'),
(61, '{\"en\":\"Dominican\",\"ar\":\"\\u062f\\u0648\\u0645\\u064a\\u0646\\u064a\\u0643\\u064a\"}', '2021-11-24 20:04:58', '2021-11-24 20:04:58'),
(62, '{\"en\":\"Dominican\",\"ar\":\"\\u062f\\u0648\\u0645\\u064a\\u0646\\u064a\\u0643\\u064a\"}', '2021-11-24 20:04:58', '2021-11-24 20:04:58'),
(63, '{\"en\":\"Ecuadorian\",\"ar\":\"\\u0625\\u0643\\u0648\\u0627\\u062f\\u0648\\u0631\\u064a\"}', '2021-11-24 20:04:58', '2021-11-24 20:04:58'),
(64, '{\"en\":\"Egyptian\",\"ar\":\"\\u0645\\u0635\\u0631\\u064a\"}', '2021-11-24 20:04:58', '2021-11-24 20:04:58'),
(65, '{\"en\":\"Salvadoran\",\"ar\":\"\\u0633\\u0644\\u0641\\u0627\\u062f\\u0648\\u0631\\u064a\"}', '2021-11-24 20:04:58', '2021-11-24 20:04:58'),
(66, '{\"en\":\"Equatorial Guinean\",\"ar\":\"\\u063a\\u064a\\u0646\\u064a\"}', '2021-11-24 20:04:58', '2021-11-24 20:04:58'),
(67, '{\"en\":\"Eritrean\",\"ar\":\"\\u0625\\u0631\\u064a\\u062a\\u064a\\u0631\\u064a\"}', '2021-11-24 20:04:58', '2021-11-24 20:04:58'),
(68, '{\"en\":\"Estonian\",\"ar\":\"\\u0627\\u0633\\u062a\\u0648\\u0646\\u064a\"}', '2021-11-24 20:04:58', '2021-11-24 20:04:58'),
(69, '{\"en\":\"Ethiopian\",\"ar\":\"\\u0623\\u062b\\u064a\\u0648\\u0628\\u064a\"}', '2021-11-24 20:04:58', '2021-11-24 20:04:58'),
(70, '{\"en\":\"Falkland Islander\",\"ar\":\"\\u0641\\u0648\\u0643\\u0644\\u0627\\u0646\\u062f\\u064a\"}', '2021-11-24 20:04:58', '2021-11-24 20:04:58'),
(71, '{\"en\":\"Faroese\",\"ar\":\"\\u062c\\u0632\\u0631 \\u0641\\u0627\\u0631\\u0648\"}', '2021-11-24 20:04:58', '2021-11-24 20:04:58'),
(72, '{\"en\":\"Fijian\",\"ar\":\"\\u0641\\u064a\\u062c\\u064a\"}', '2021-11-24 20:04:58', '2021-11-24 20:04:58'),
(73, '{\"en\":\"Finnish\",\"ar\":\"\\u0641\\u0646\\u0644\\u0646\\u062f\\u064a\"}', '2021-11-24 20:04:58', '2021-11-24 20:04:58'),
(74, '{\"en\":\"French\",\"ar\":\"\\u0641\\u0631\\u0646\\u0633\\u064a\"}', '2021-11-24 20:04:58', '2021-11-24 20:04:58'),
(75, '{\"en\":\"French Guianese\",\"ar\":\"\\u063a\\u0648\\u064a\\u0627\\u0646\\u0627 \\u0627\\u0644\\u0641\\u0631\\u0646\\u0633\\u064a\\u0629\"}', '2021-11-24 20:04:58', '2021-11-24 20:04:58'),
(76, '{\"en\":\"French Polynesian\",\"ar\":\"\\u0628\\u0648\\u0644\\u064a\\u0646\\u064a\\u0632\\u064a\\u064a\"}', '2021-11-24 20:04:58', '2021-11-24 20:04:58'),
(77, '{\"en\":\"French\",\"ar\":\"\\u0623\\u0631\\u0627\\u0636 \\u0641\\u0631\\u0646\\u0633\\u064a\\u0629 \\u062c\\u0646\\u0648\\u0628\\u064a\\u0629 \\u0648\\u0623\\u0646\\u062a\\u0627\\u0631\\u062a\\u064a\\u0643\\u064a\\u0629\"}', '2021-11-24 20:04:58', '2021-11-24 20:04:58'),
(78, '{\"en\":\"Gabonese\",\"ar\":\"\\u063a\\u0627\\u0628\\u0648\\u0646\\u064a\"}', '2021-11-24 20:04:58', '2021-11-24 20:04:58'),
(79, '{\"en\":\"Gambian\",\"ar\":\"\\u063a\\u0627\\u0645\\u0628\\u064a\"}', '2021-11-24 20:04:58', '2021-11-24 20:04:58'),
(80, '{\"en\":\"Georgian\",\"ar\":\"\\u062c\\u064a\\u0648\\u0631\\u062c\\u064a\"}', '2021-11-24 20:04:58', '2021-11-24 20:04:58'),
(81, '{\"en\":\"German\",\"ar\":\"\\u0623\\u0644\\u0645\\u0627\\u0646\\u064a\"}', '2021-11-24 20:04:58', '2021-11-24 20:04:58'),
(82, '{\"en\":\"Ghanaian\",\"ar\":\"\\u063a\\u0627\\u0646\\u064a\"}', '2021-11-24 20:04:58', '2021-11-24 20:04:58'),
(83, '{\"en\":\"Gibraltar\",\"ar\":\"\\u062c\\u0628\\u0644 \\u0637\\u0627\\u0631\\u0642\"}', '2021-11-24 20:04:58', '2021-11-24 20:04:58'),
(84, '{\"en\":\"Guernsian\",\"ar\":\"\\u063a\\u064a\\u0631\\u0646\\u0632\\u064a\"}', '2021-11-24 20:04:58', '2021-11-24 20:04:58'),
(85, '{\"en\":\"Greek\",\"ar\":\"\\u064a\\u0648\\u0646\\u0627\\u0646\\u064a\"}', '2021-11-24 20:04:58', '2021-11-24 20:04:58'),
(86, '{\"en\":\"Greenlandic\",\"ar\":\"\\u062c\\u0631\\u064a\\u0646\\u0644\\u0627\\u0646\\u062f\\u064a\"}', '2021-11-24 20:04:58', '2021-11-24 20:04:58'),
(87, '{\"en\":\"Grenadian\",\"ar\":\"\\u063a\\u0631\\u064a\\u0646\\u0627\\u062f\\u064a\"}', '2021-11-24 20:04:58', '2021-11-24 20:04:58'),
(88, '{\"en\":\"Guadeloupe\",\"ar\":\"\\u062c\\u0632\\u0631 \\u062c\\u0648\\u0627\\u062f\\u0644\\u0648\\u0628\"}', '2021-11-24 20:04:58', '2021-11-24 20:04:58'),
(89, '{\"en\":\"Guamanian\",\"ar\":\"\\u062c\\u0648\\u0627\\u0645\\u064a\"}', '2021-11-24 20:04:58', '2021-11-24 20:04:58'),
(90, '{\"en\":\"Guatemalan\",\"ar\":\"\\u063a\\u0648\\u0627\\u062a\\u064a\\u0645\\u0627\\u0644\\u064a\"}', '2021-11-24 20:04:58', '2021-11-24 20:04:58'),
(91, '{\"en\":\"Guinean\",\"ar\":\"\\u063a\\u064a\\u0646\\u064a\"}', '2021-11-24 20:04:58', '2021-11-24 20:04:58'),
(92, '{\"en\":\"Guinea-Bissauan\",\"ar\":\"\\u063a\\u064a\\u0646\\u064a\"}', '2021-11-24 20:04:58', '2021-11-24 20:04:58'),
(93, '{\"en\":\"Guyanese\",\"ar\":\"\\u063a\\u064a\\u0627\\u0646\\u064a\"}', '2021-11-24 20:04:58', '2021-11-24 20:04:58'),
(94, '{\"en\":\"Haitian\",\"ar\":\"\\u0647\\u0627\\u064a\\u062a\\u064a\"}', '2021-11-24 20:04:58', '2021-11-24 20:04:58'),
(95, '{\"en\":\"Heard and Mc Donald Islanders\",\"ar\":\"\\u062c\\u0632\\u064a\\u0631\\u0629 \\u0647\\u064a\\u0631\\u062f \\u0648\\u062c\\u0632\\u0631 \\u0645\\u0627\\u0643\\u062f\\u0648\\u0646\\u0627\\u0644\\u062f\"}', '2021-11-24 20:04:58', '2021-11-24 20:04:58'),
(96, '{\"en\":\"Honduran\",\"ar\":\"\\u0647\\u0646\\u062f\\u0648\\u0631\\u0627\\u0633\\u064a\"}', '2021-11-24 20:04:58', '2021-11-24 20:04:58'),
(97, '{\"en\":\"Hongkongese\",\"ar\":\"\\u0647\\u0648\\u0646\\u063a \\u0643\\u0648\\u0646\\u063a\\u064a\"}', '2021-11-24 20:04:58', '2021-11-24 20:04:58'),
(98, '{\"en\":\"Hungarian\",\"ar\":\"\\u0645\\u062c\\u0631\\u064a\"}', '2021-11-24 20:04:58', '2021-11-24 20:04:58'),
(99, '{\"en\":\"Icelandic\",\"ar\":\"\\u0622\\u064a\\u0633\\u0644\\u0646\\u062f\\u064a\"}', '2021-11-24 20:04:58', '2021-11-24 20:04:58'),
(100, '{\"en\":\"Indian\",\"ar\":\"\\u0647\\u0646\\u062f\\u064a\"}', '2021-11-24 20:04:58', '2021-11-24 20:04:58'),
(101, '{\"en\":\"Manx\",\"ar\":\"\\u0645\\u0627\\u0646\\u064a\"}', '2021-11-24 20:04:58', '2021-11-24 20:04:58'),
(102, '{\"en\":\"Indonesian\",\"ar\":\"\\u0623\\u0646\\u062f\\u0648\\u0646\\u064a\\u0633\\u064a\\u064a\"}', '2021-11-24 20:04:58', '2021-11-24 20:04:58'),
(103, '{\"en\":\"Iranian\",\"ar\":\"\\u0625\\u064a\\u0631\\u0627\\u0646\\u064a\"}', '2021-11-24 20:04:58', '2021-11-24 20:04:58'),
(104, '{\"en\":\"Iraqi\",\"ar\":\"\\u0639\\u0631\\u0627\\u0642\\u064a\"}', '2021-11-24 20:04:58', '2021-11-24 20:04:58'),
(105, '{\"en\":\"Irish\",\"ar\":\"\\u0625\\u064a\\u0631\\u0644\\u0646\\u062f\\u064a\"}', '2021-11-24 20:04:58', '2021-11-24 20:04:58'),
(106, '{\"en\":\"Italian\",\"ar\":\"\\u0625\\u064a\\u0637\\u0627\\u0644\\u064a\"}', '2021-11-24 20:04:58', '2021-11-24 20:04:58'),
(107, '{\"en\":\"Ivory Coastian\",\"ar\":\"\\u0633\\u0627\\u062d\\u0644 \\u0627\\u0644\\u0639\\u0627\\u062c\"}', '2021-11-24 20:04:58', '2021-11-24 20:04:58'),
(108, '{\"en\":\"Jersian\",\"ar\":\"\\u062c\\u064a\\u0631\\u0632\\u064a\"}', '2021-11-24 20:04:58', '2021-11-24 20:04:58'),
(109, '{\"en\":\"Jamaican\",\"ar\":\"\\u062c\\u0645\\u0627\\u064a\\u0643\\u064a\"}', '2021-11-24 20:04:58', '2021-11-24 20:04:58'),
(110, '{\"en\":\"Japanese\",\"ar\":\"\\u064a\\u0627\\u0628\\u0627\\u0646\\u064a\"}', '2021-11-24 20:04:58', '2021-11-24 20:04:58'),
(111, '{\"en\":\"Jordanian\",\"ar\":\"\\u0623\\u0631\\u062f\\u0646\\u064a\"}', '2021-11-24 20:04:58', '2021-11-24 20:04:58'),
(112, '{\"en\":\"Kazakh\",\"ar\":\"\\u0643\\u0627\\u0632\\u0627\\u062e\\u0633\\u062a\\u0627\\u0646\\u064a\"}', '2021-11-24 20:04:58', '2021-11-24 20:04:58'),
(113, '{\"en\":\"Kenyan\",\"ar\":\"\\u0643\\u064a\\u0646\\u064a\"}', '2021-11-24 20:04:58', '2021-11-24 20:04:58'),
(114, '{\"en\":\"I-Kiribati\",\"ar\":\"\\u0643\\u064a\\u0631\\u064a\\u0628\\u0627\\u062a\\u064a\"}', '2021-11-24 20:04:58', '2021-11-24 20:04:58'),
(115, '{\"en\":\"North Korean\",\"ar\":\"\\u0643\\u0648\\u0631\\u064a\"}', '2021-11-24 20:04:58', '2021-11-24 20:04:58'),
(116, '{\"en\":\"South Korean\",\"ar\":\"\\u0643\\u0648\\u0631\\u064a\"}', '2021-11-24 20:04:58', '2021-11-24 20:04:58'),
(117, '{\"en\":\"Kosovar\",\"ar\":\"\\u0643\\u0648\\u0633\\u064a\\u0641\\u064a\"}', '2021-11-24 20:04:58', '2021-11-24 20:04:58'),
(118, '{\"en\":\"Kuwaiti\",\"ar\":\"\\u0643\\u0648\\u064a\\u062a\\u064a\"}', '2021-11-24 20:04:58', '2021-11-24 20:04:58'),
(119, '{\"en\":\"Kyrgyzstani\",\"ar\":\"\\u0642\\u064a\\u0631\\u063a\\u064a\\u0632\\u0633\\u062a\\u0627\\u0646\\u064a\"}', '2021-11-24 20:04:58', '2021-11-24 20:04:58'),
(120, '{\"en\":\"Laotian\",\"ar\":\"\\u0644\\u0627\\u0648\\u0633\\u064a\"}', '2021-11-24 20:04:58', '2021-11-24 20:04:58'),
(121, '{\"en\":\"Latvian\",\"ar\":\"\\u0644\\u0627\\u062a\\u064a\\u0641\\u064a\"}', '2021-11-24 20:04:58', '2021-11-24 20:04:58'),
(122, '{\"en\":\"Lebanese\",\"ar\":\"\\u0644\\u0628\\u0646\\u0627\\u0646\\u064a\"}', '2021-11-24 20:04:58', '2021-11-24 20:04:58'),
(123, '{\"en\":\"Basotho\",\"ar\":\"\\u0644\\u064a\\u0648\\u0633\\u064a\\u062a\\u064a\"}', '2021-11-24 20:04:58', '2021-11-24 20:04:58'),
(124, '{\"en\":\"Liberian\",\"ar\":\"\\u0644\\u064a\\u0628\\u064a\\u0631\\u064a\"}', '2021-11-24 20:04:58', '2021-11-24 20:04:58'),
(125, '{\"en\":\"Libyan\",\"ar\":\"\\u0644\\u064a\\u0628\\u064a\"}', '2021-11-24 20:04:58', '2021-11-24 20:04:58'),
(126, '{\"en\":\"Liechtenstein\",\"ar\":\"\\u0644\\u064a\\u062e\\u062a\\u0646\\u0634\\u062a\\u064a\\u0646\\u064a\"}', '2021-11-24 20:04:58', '2021-11-24 20:04:58'),
(127, '{\"en\":\"Lithuanian\",\"ar\":\"\\u0644\\u062a\\u0648\\u0627\\u0646\\u064a\\u064a\"}', '2021-11-24 20:04:58', '2021-11-24 20:04:58'),
(128, '{\"en\":\"Luxembourger\",\"ar\":\"\\u0644\\u0648\\u0643\\u0633\\u0645\\u0628\\u0648\\u0631\\u063a\\u064a\"}', '2021-11-24 20:04:58', '2021-11-24 20:04:58'),
(129, '{\"en\":\"Sri Lankian\",\"ar\":\"\\u0633\\u0631\\u064a\\u0644\\u0627\\u0646\\u0643\\u064a\"}', '2021-11-24 20:04:58', '2021-11-24 20:04:58'),
(130, '{\"en\":\"Macanese\",\"ar\":\"\\u0645\\u0627\\u0643\\u0627\\u0648\\u064a\"}', '2021-11-24 20:04:58', '2021-11-24 20:04:58'),
(131, '{\"en\":\"Macedonian\",\"ar\":\"\\u0645\\u0642\\u062f\\u0648\\u0646\\u064a\"}', '2021-11-24 20:04:58', '2021-11-24 20:04:58'),
(132, '{\"en\":\"Malagasy\",\"ar\":\"\\u0645\\u062f\\u063a\\u0634\\u0642\\u0631\\u064a\"}', '2021-11-24 20:04:58', '2021-11-24 20:04:58'),
(133, '{\"en\":\"Malawian\",\"ar\":\"\\u0645\\u0627\\u0644\\u0627\\u0648\\u064a\"}', '2021-11-24 20:04:58', '2021-11-24 20:04:58'),
(134, '{\"en\":\"Malaysian\",\"ar\":\"\\u0645\\u0627\\u0644\\u064a\\u0632\\u064a\"}', '2021-11-24 20:04:58', '2021-11-24 20:04:58'),
(135, '{\"en\":\"Maldivian\",\"ar\":\"\\u0645\\u0627\\u0644\\u062f\\u064a\\u0641\\u064a\"}', '2021-11-24 20:04:58', '2021-11-24 20:04:58'),
(136, '{\"en\":\"Malian\",\"ar\":\"\\u0645\\u0627\\u0644\\u064a\"}', '2021-11-24 20:04:58', '2021-11-24 20:04:58'),
(137, '{\"en\":\"Maltese\",\"ar\":\"\\u0645\\u0627\\u0644\\u0637\\u064a\"}', '2021-11-24 20:04:58', '2021-11-24 20:04:58'),
(138, '{\"en\":\"Marshallese\",\"ar\":\"\\u0645\\u0627\\u0631\\u0634\\u0627\\u0644\\u064a\"}', '2021-11-24 20:04:58', '2021-11-24 20:04:58'),
(139, '{\"en\":\"Martiniquais\",\"ar\":\"\\u0645\\u0627\\u0631\\u062a\\u064a\\u0646\\u064a\\u0643\\u064a\"}', '2021-11-24 20:04:58', '2021-11-24 20:04:58'),
(140, '{\"en\":\"Mauritanian\",\"ar\":\"\\u0645\\u0648\\u0631\\u064a\\u062a\\u0627\\u0646\\u064a\\u064a\"}', '2021-11-24 20:04:58', '2021-11-24 20:04:58'),
(141, '{\"en\":\"Mauritian\",\"ar\":\"\\u0645\\u0648\\u0631\\u064a\\u0634\\u064a\\u0648\\u0633\\u064a\"}', '2021-11-24 20:04:58', '2021-11-24 20:04:58'),
(142, '{\"en\":\"Mahoran\",\"ar\":\"\\u0645\\u0627\\u064a\\u0648\\u062a\\u064a\"}', '2021-11-24 20:04:58', '2021-11-24 20:04:58'),
(143, '{\"en\":\"Mexican\",\"ar\":\"\\u0645\\u0643\\u0633\\u064a\\u0643\\u064a\"}', '2021-11-24 20:04:58', '2021-11-24 20:04:58'),
(144, '{\"en\":\"Micronesian\",\"ar\":\"\\u0645\\u0627\\u064a\\u0643\\u0631\\u0648\\u0646\\u064a\\u0632\\u064a\\u064a\"}', '2021-11-24 20:04:58', '2021-11-24 20:04:58'),
(145, '{\"en\":\"Moldovan\",\"ar\":\"\\u0645\\u0648\\u0644\\u062f\\u064a\\u0641\\u064a\"}', '2021-11-24 20:04:58', '2021-11-24 20:04:58'),
(146, '{\"en\":\"Monacan\",\"ar\":\"\\u0645\\u0648\\u0646\\u064a\\u0643\\u064a\"}', '2021-11-24 20:04:58', '2021-11-24 20:04:58'),
(147, '{\"en\":\"Mongolian\",\"ar\":\"\\u0645\\u0646\\u063a\\u0648\\u0644\\u064a\"}', '2021-11-24 20:04:58', '2021-11-24 20:04:58'),
(148, '{\"en\":\"Montenegrin\",\"ar\":\"\\u0627\\u0644\\u062c\\u0628\\u0644 \\u0627\\u0644\\u0623\\u0633\\u0648\\u062f\"}', '2021-11-24 20:04:58', '2021-11-24 20:04:58'),
(149, '{\"en\":\"Montserratian\",\"ar\":\"\\u0645\\u0648\\u0646\\u062a\\u0633\\u064a\\u0631\\u0627\\u062a\\u064a\"}', '2021-11-24 20:04:58', '2021-11-24 20:04:58'),
(150, '{\"en\":\"Moroccan\",\"ar\":\"\\u0645\\u063a\\u0631\\u0628\\u064a\"}', '2021-11-24 20:04:58', '2021-11-24 20:04:58'),
(151, '{\"en\":\"Mozambican\",\"ar\":\"\\u0645\\u0648\\u0632\\u0645\\u0628\\u064a\\u0642\\u064a\"}', '2021-11-24 20:04:58', '2021-11-24 20:04:58'),
(152, '{\"en\":\"Myanmarian\",\"ar\":\"\\u0645\\u064a\\u0627\\u0646\\u0645\\u0627\\u0631\\u064a\"}', '2021-11-24 20:04:58', '2021-11-24 20:04:58'),
(153, '{\"en\":\"Namibian\",\"ar\":\"\\u0646\\u0627\\u0645\\u064a\\u0628\\u064a\"}', '2021-11-24 20:04:58', '2021-11-24 20:04:58'),
(154, '{\"en\":\"Nauruan\",\"ar\":\"\\u0646\\u0648\\u0631\\u064a\"}', '2021-11-24 20:04:58', '2021-11-24 20:04:58'),
(155, '{\"en\":\"Nepalese\",\"ar\":\"\\u0646\\u064a\\u0628\\u0627\\u0644\\u064a\"}', '2021-11-24 20:04:58', '2021-11-24 20:04:58'),
(156, '{\"en\":\"Dutch\",\"ar\":\"\\u0647\\u0648\\u0644\\u0646\\u062f\\u064a\"}', '2021-11-24 20:04:58', '2021-11-24 20:04:58'),
(157, '{\"en\":\"Dutch Antilier\",\"ar\":\"\\u0647\\u0648\\u0644\\u0646\\u062f\\u064a\"}', '2021-11-24 20:04:58', '2021-11-24 20:04:58'),
(158, '{\"en\":\"New Caledonian\",\"ar\":\"\\u0643\\u0627\\u0644\\u064a\\u062f\\u0648\\u0646\\u064a\"}', '2021-11-24 20:04:58', '2021-11-24 20:04:58'),
(159, '{\"en\":\"New Zealander\",\"ar\":\"\\u0646\\u064a\\u0648\\u0632\\u064a\\u0644\\u0646\\u062f\\u064a\"}', '2021-11-24 20:04:58', '2021-11-24 20:04:58'),
(160, '{\"en\":\"Nicaraguan\",\"ar\":\"\\u0646\\u064a\\u0643\\u0627\\u0631\\u0627\\u062c\\u0648\\u064a\"}', '2021-11-24 20:04:58', '2021-11-24 20:04:58'),
(161, '{\"en\":\"Nigerien\",\"ar\":\"\\u0646\\u064a\\u062c\\u064a\\u0631\\u064a\"}', '2021-11-24 20:04:58', '2021-11-24 20:04:58'),
(162, '{\"en\":\"Nigerian\",\"ar\":\"\\u0646\\u064a\\u062c\\u064a\\u0631\\u064a\"}', '2021-11-24 20:04:58', '2021-11-24 20:04:58'),
(163, '{\"en\":\"Niuean\",\"ar\":\"\\u0646\\u064a\"}', '2021-11-24 20:04:58', '2021-11-24 20:04:58'),
(164, '{\"en\":\"Norfolk Islander\",\"ar\":\"\\u0646\\u0648\\u0631\\u0641\\u0648\\u0644\\u064a\\u0643\\u064a\"}', '2021-11-24 20:04:58', '2021-11-24 20:04:58'),
(165, '{\"en\":\"Northern Marianan\",\"ar\":\"\\u0645\\u0627\\u0631\\u064a\\u0646\\u064a\"}', '2021-11-24 20:04:58', '2021-11-24 20:04:58'),
(166, '{\"en\":\"Norwegian\",\"ar\":\"\\u0646\\u0631\\u0648\\u064a\\u062c\\u064a\"}', '2021-11-24 20:04:58', '2021-11-24 20:04:58'),
(167, '{\"en\":\"Omani\",\"ar\":\"\\u0639\\u0645\\u0627\\u0646\\u064a\"}', '2021-11-24 20:04:58', '2021-11-24 20:04:58'),
(168, '{\"en\":\"Pakistani\",\"ar\":\"\\u0628\\u0627\\u0643\\u0633\\u062a\\u0627\\u0646\\u064a\"}', '2021-11-24 20:04:58', '2021-11-24 20:04:58'),
(169, '{\"en\":\"Palauan\",\"ar\":\"\\u0628\\u0627\\u0644\\u0627\\u0648\\u064a\"}', '2021-11-24 20:04:58', '2021-11-24 20:04:58'),
(170, '{\"en\":\"Palestinian\",\"ar\":\"\\u0641\\u0644\\u0633\\u0637\\u064a\\u0646\\u064a\"}', '2021-11-24 20:04:58', '2021-11-24 20:04:58'),
(171, '{\"en\":\"Panamanian\",\"ar\":\"\\u0628\\u0646\\u0645\\u064a\"}', '2021-11-24 20:04:58', '2021-11-24 20:04:58'),
(172, '{\"en\":\"Papua New Guinean\",\"ar\":\"\\u0628\\u0627\\u0628\\u0648\\u064a\"}', '2021-11-24 20:04:58', '2021-11-24 20:04:58'),
(173, '{\"en\":\"Paraguayan\",\"ar\":\"\\u0628\\u0627\\u0631\\u063a\\u0627\\u0648\\u064a\"}', '2021-11-24 20:04:58', '2021-11-24 20:04:58'),
(174, '{\"en\":\"Peruvian\",\"ar\":\"\\u0628\\u064a\\u0631\\u064a\"}', '2021-11-24 20:04:58', '2021-11-24 20:04:58'),
(175, '{\"en\":\"Filipino\",\"ar\":\"\\u0641\\u0644\\u0628\\u064a\\u0646\\u064a\"}', '2021-11-24 20:04:58', '2021-11-24 20:04:58'),
(176, '{\"en\":\"Pitcairn Islander\",\"ar\":\"\\u0628\\u064a\\u062a\\u0643\\u064a\\u0631\\u0646\\u064a\"}', '2021-11-24 20:04:58', '2021-11-24 20:04:58'),
(177, '{\"en\":\"Polish\",\"ar\":\"\\u0628\\u0648\\u0644\\u064a\\u0646\\u064a\"}', '2021-11-24 20:04:58', '2021-11-24 20:04:58'),
(178, '{\"en\":\"Portuguese\",\"ar\":\"\\u0628\\u0631\\u062a\\u063a\\u0627\\u0644\\u064a\"}', '2021-11-24 20:04:58', '2021-11-24 20:04:58'),
(179, '{\"en\":\"Puerto Rican\",\"ar\":\"\\u0628\\u0648\\u0631\\u062a\\u064a\"}', '2021-11-24 20:04:58', '2021-11-24 20:04:58'),
(180, '{\"en\":\"Qatari\",\"ar\":\"\\u0642\\u0637\\u0631\\u064a\"}', '2021-11-24 20:04:58', '2021-11-24 20:04:58'),
(181, '{\"en\":\"Reunionese\",\"ar\":\"\\u0631\\u064a\\u0648\\u0646\\u064a\\u0648\\u0646\\u064a\"}', '2021-11-24 20:04:58', '2021-11-24 20:04:58'),
(182, '{\"en\":\"Romanian\",\"ar\":\"\\u0631\\u0648\\u0645\\u0627\\u0646\\u064a\"}', '2021-11-24 20:04:58', '2021-11-24 20:04:58'),
(183, '{\"en\":\"Russian\",\"ar\":\"\\u0631\\u0648\\u0633\\u064a\"}', '2021-11-24 20:04:58', '2021-11-24 20:04:58'),
(184, '{\"en\":\"Rwandan\",\"ar\":\"\\u0631\\u0648\\u0627\\u0646\\u062f\\u0627\"}', '2021-11-24 20:04:58', '2021-11-24 20:04:58'),
(185, '{\"ar\":\"Kittitian\\/Nevisian\"}', '2021-11-24 20:04:58', '2021-11-24 20:04:58'),
(186, '{\"en\":\"St. Martian(French)\",\"ar\":\"\\u0633\\u0627\\u064a\\u0646\\u062a \\u0645\\u0627\\u0631\\u062a\\u0646\\u064a \\u0641\\u0631\\u0646\\u0633\\u064a\"}', '2021-11-24 20:04:58', '2021-11-24 20:04:58'),
(187, '{\"en\":\"St. Martian(Dutch)\",\"ar\":\"\\u0633\\u0627\\u064a\\u0646\\u062a \\u0645\\u0627\\u0631\\u062a\\u0646\\u064a \\u0647\\u0648\\u0644\\u0646\\u062f\\u064a\"}', '2021-11-24 20:04:58', '2021-11-24 20:04:58'),
(188, '{\"en\":\"St. Pierre and Miquelon\",\"ar\":\"\\u0633\\u0627\\u0646 \\u0628\\u064a\\u064a\\u0631 \\u0648\\u0645\\u064a\\u0643\\u0644\\u0648\\u0646\\u064a\"}', '2021-11-24 20:04:58', '2021-11-24 20:04:58'),
(189, '{\"en\":\"Saint Vincent and the Grenadines\",\"ar\":\"\\u0633\\u0627\\u0646\\u062a \\u0641\\u0646\\u0633\\u0646\\u062a \\u0648\\u062c\\u0632\\u0631 \\u063a\\u0631\\u064a\\u0646\\u0627\\u062f\\u064a\\u0646\"}', '2021-11-24 20:04:58', '2021-11-24 20:04:58'),
(190, '{\"en\":\"Samoan\",\"ar\":\"\\u0633\\u0627\\u0645\\u0648\\u064a\"}', '2021-11-24 20:04:58', '2021-11-24 20:04:58'),
(191, '{\"en\":\"Sammarinese\",\"ar\":\"\\u0645\\u0627\\u0631\\u064a\\u0646\\u064a\"}', '2021-11-24 20:04:58', '2021-11-24 20:04:58'),
(192, '{\"en\":\"Sao Tomean\",\"ar\":\"\\u0633\\u0627\\u0648 \\u062a\\u0648\\u0645\\u064a \\u0648\\u0628\\u0631\\u064a\\u0646\\u0633\\u064a\\u0628\\u064a\"}', '2021-11-24 20:04:58', '2021-11-24 20:04:58'),
(193, '{\"en\":\"Saudi Arabian\",\"ar\":\"\\u0633\\u0639\\u0648\\u062f\\u064a\"}', '2021-11-24 20:04:58', '2021-11-24 20:04:58'),
(194, '{\"en\":\"Senegalese\",\"ar\":\"\\u0633\\u0646\\u063a\\u0627\\u0644\\u064a\"}', '2021-11-24 20:04:58', '2021-11-24 20:04:58'),
(195, '{\"en\":\"Serbian\",\"ar\":\"\\u0635\\u0631\\u0628\\u064a\"}', '2021-11-24 20:04:58', '2021-11-24 20:04:58'),
(196, '{\"en\":\"Seychellois\",\"ar\":\"\\u0633\\u064a\\u0634\\u064a\\u0644\\u064a\"}', '2021-11-24 20:04:58', '2021-11-24 20:04:58'),
(197, '{\"en\":\"Sierra Leonean\",\"ar\":\"\\u0633\\u064a\\u0631\\u0627\\u0644\\u064a\\u0648\\u0646\\u064a\"}', '2021-11-24 20:04:58', '2021-11-24 20:04:58'),
(198, '{\"en\":\"Singaporean\",\"ar\":\"\\u0633\\u0646\\u063a\\u0627\\u0641\\u0648\\u0631\\u064a\"}', '2021-11-24 20:04:58', '2021-11-24 20:04:58'),
(199, '{\"en\":\"Slovak\",\"ar\":\"\\u0633\\u0648\\u0644\\u0641\\u0627\\u0643\\u064a\"}', '2021-11-24 20:04:58', '2021-11-24 20:04:58'),
(200, '{\"en\":\"Slovenian\",\"ar\":\"\\u0633\\u0648\\u0644\\u0641\\u064a\\u0646\\u064a\"}', '2021-11-24 20:04:58', '2021-11-24 20:04:58'),
(201, '{\"en\":\"Solomon Island\",\"ar\":\"\\u062c\\u0632\\u0631 \\u0633\\u0644\\u064a\\u0645\\u0627\\u0646\"}', '2021-11-24 20:04:58', '2021-11-24 20:04:58'),
(202, '{\"en\":\"Somali\",\"ar\":\"\\u0635\\u0648\\u0645\\u0627\\u0644\\u064a\"}', '2021-11-24 20:04:58', '2021-11-24 20:04:58'),
(203, '{\"en\":\"South African\",\"ar\":\"\\u0623\\u0641\\u0631\\u064a\\u0642\\u064a\"}', '2021-11-24 20:04:58', '2021-11-24 20:04:58'),
(204, '{\"en\":\"South Georgia and the South Sandwich\",\"ar\":\"\\u0644\\u0645\\u0646\\u0637\\u0642\\u0629 \\u0627\\u0644\\u0642\\u0637\\u0628\\u064a\\u0629 \\u0627\\u0644\\u062c\\u0646\\u0648\\u0628\\u064a\\u0629\"}', '2021-11-24 20:04:58', '2021-11-24 20:04:58'),
(205, '{\"en\":\"South Sudanese\",\"ar\":\"\\u0633\\u0648\\u0627\\u062f\\u0646\\u064a \\u062c\\u0646\\u0648\\u0628\\u064a\"}', '2021-11-24 20:04:58', '2021-11-24 20:04:58'),
(206, '{\"en\":\"Spanish\",\"ar\":\"\\u0625\\u0633\\u0628\\u0627\\u0646\\u064a\"}', '2021-11-24 20:04:58', '2021-11-24 20:04:58'),
(207, '{\"en\":\"St. Helenian\",\"ar\":\"\\u0647\\u064a\\u0644\\u0627\\u0646\\u064a\"}', '2021-11-24 20:04:58', '2021-11-24 20:04:58'),
(208, '{\"en\":\"Sudanese\",\"ar\":\"\\u0633\\u0648\\u062f\\u0627\\u0646\\u064a\"}', '2021-11-24 20:04:58', '2021-11-24 20:04:58'),
(209, '{\"en\":\"Surinamese\",\"ar\":\"\\u0633\\u0648\\u0631\\u064a\\u0646\\u0627\\u0645\\u064a\"}', '2021-11-24 20:04:58', '2021-11-24 20:04:58'),
(210, '{\"en\":\"Svalbardian\\/Jan Mayenian\",\"ar\":\"\\u0633\\u0641\\u0627\\u0644\\u0628\\u0627\\u0631\\u062f \\u0648\\u064a\\u0627\\u0646 \\u0645\\u0627\\u064a\\u0646\"}', '2021-11-24 20:04:58', '2021-11-24 20:04:58'),
(211, '{\"en\":\"Swazi\",\"ar\":\"\\u0633\\u0648\\u0627\\u0632\\u064a\\u0644\\u0646\\u062f\\u064a\"}', '2021-11-24 20:04:58', '2021-11-24 20:04:58'),
(212, '{\"en\":\"Swedish\",\"ar\":\"\\u0633\\u0648\\u064a\\u062f\\u064a\"}', '2021-11-24 20:04:58', '2021-11-24 20:04:58'),
(213, '{\"en\":\"Swiss\",\"ar\":\"\\u0633\\u0648\\u064a\\u0633\\u0631\\u064a\"}', '2021-11-24 20:04:58', '2021-11-24 20:04:58'),
(214, '{\"en\":\"Syrian\",\"ar\":\"\\u0633\\u0648\\u0631\\u064a\"}', '2021-11-24 20:04:58', '2021-11-24 20:04:58'),
(215, '{\"en\":\"Taiwanese\",\"ar\":\"\\u062a\\u0627\\u064a\\u0648\\u0627\\u0646\\u064a\"}', '2021-11-24 20:04:58', '2021-11-24 20:04:58'),
(216, '{\"en\":\"Tajikistani\",\"ar\":\"\\u0637\\u0627\\u062c\\u064a\\u0643\\u0633\\u062a\\u0627\\u0646\\u064a\"}', '2021-11-24 20:04:58', '2021-11-24 20:04:58'),
(217, '{\"en\":\"Tanzanian\",\"ar\":\"\\u062a\\u0646\\u0632\\u0627\\u0646\\u064a\\u064a\"}', '2021-11-24 20:04:58', '2021-11-24 20:04:58'),
(218, '{\"en\":\"Thai\",\"ar\":\"\\u062a\\u0627\\u064a\\u0644\\u0646\\u062f\\u064a\"}', '2021-11-24 20:04:58', '2021-11-24 20:04:58'),
(219, '{\"en\":\"Timor-Lestian\",\"ar\":\"\\u062a\\u064a\\u0645\\u0648\\u0631\\u064a\"}', '2021-11-24 20:04:58', '2021-11-24 20:04:58'),
(220, '{\"en\":\"Togolese\",\"ar\":\"\\u062a\\u0648\\u063a\\u064a\"}', '2021-11-24 20:04:58', '2021-11-24 20:04:58'),
(221, '{\"en\":\"Tokelaian\",\"ar\":\"\\u062a\\u0648\\u0643\\u064a\\u0644\\u0627\\u0648\\u064a\"}', '2021-11-24 20:04:58', '2021-11-24 20:04:58'),
(222, '{\"en\":\"Tongan\",\"ar\":\"\\u062a\\u0648\\u0646\\u063a\\u064a\"}', '2021-11-24 20:04:58', '2021-11-24 20:04:58'),
(223, '{\"en\":\"Trinidadian\\/Tobagonian\",\"ar\":\"\\u062a\\u0631\\u064a\\u0646\\u064a\\u062f\\u0627\\u062f \\u0648\\u062a\\u0648\\u0628\\u0627\\u063a\\u0648\"}', '2021-11-24 20:04:58', '2021-11-24 20:04:58'),
(224, '{\"en\":\"Tunisian\",\"ar\":\"\\u062a\\u0648\\u0646\\u0633\\u064a\"}', '2021-11-24 20:04:58', '2021-11-24 20:04:58'),
(225, '{\"en\":\"Turkish\",\"ar\":\"\\u062a\\u0631\\u0643\\u064a\"}', '2021-11-24 20:04:58', '2021-11-24 20:04:58'),
(226, '{\"en\":\"Turkmen\",\"ar\":\"\\u062a\\u0631\\u0643\\u0645\\u0627\\u0646\\u0633\\u062a\\u0627\\u0646\\u064a\"}', '2021-11-24 20:04:58', '2021-11-24 20:04:58'),
(227, '{\"en\":\"Turks and Caicos Islands\",\"ar\":\"\\u062c\\u0632\\u0631 \\u062a\\u0648\\u0631\\u0643\\u0633 \\u0648\\u0643\\u0627\\u064a\\u0643\\u0648\\u0633\"}', '2021-11-24 20:04:58', '2021-11-24 20:04:58'),
(228, '{\"en\":\"Tuvaluan\",\"ar\":\"\\u062a\\u0648\\u0641\\u0627\\u0644\\u064a\"}', '2021-11-24 20:04:58', '2021-11-24 20:04:58'),
(229, '{\"en\":\"Ugandan\",\"ar\":\"\\u0623\\u0648\\u063a\\u0646\\u062f\\u064a\"}', '2021-11-24 20:04:58', '2021-11-24 20:04:58'),
(230, '{\"en\":\"Ukrainian\",\"ar\":\"\\u0623\\u0648\\u0643\\u0631\\u0627\\u0646\\u064a\"}', '2021-11-24 20:04:58', '2021-11-24 20:04:58'),
(231, '{\"en\":\"Emirati\",\"ar\":\"\\u0625\\u0645\\u0627\\u0631\\u0627\\u062a\\u064a\"}', '2021-11-24 20:04:58', '2021-11-24 20:04:58'),
(232, '{\"en\":\"British\",\"ar\":\"\\u0628\\u0631\\u064a\\u0637\\u0627\\u0646\\u064a\"}', '2021-11-24 20:04:58', '2021-11-24 20:04:58'),
(233, '{\"en\":\"American\",\"ar\":\"\\u0623\\u0645\\u0631\\u064a\\u0643\\u064a\"}', '2021-11-24 20:04:58', '2021-11-24 20:04:58'),
(234, '{\"en\":\"US Minor Outlying Islander\",\"ar\":\"\\u0623\\u0645\\u0631\\u064a\\u0643\\u064a\"}', '2021-11-24 20:04:58', '2021-11-24 20:04:58'),
(235, '{\"en\":\"Uruguayan\",\"ar\":\"\\u0623\\u0648\\u0631\\u063a\\u0648\\u0627\\u064a\"}', '2021-11-24 20:04:58', '2021-11-24 20:04:58'),
(236, '{\"en\":\"Uzbek\",\"ar\":\"\\u0623\\u0648\\u0632\\u0628\\u0627\\u0643\\u0633\\u062a\\u0627\\u0646\\u064a\"}', '2021-11-24 20:04:58', '2021-11-24 20:04:58'),
(237, '{\"en\":\"Vanuatuan\",\"ar\":\"\\u0641\\u0627\\u0646\\u0648\\u0627\\u062a\\u064a\"}', '2021-11-24 20:04:58', '2021-11-24 20:04:58'),
(238, '{\"en\":\"Venezuelan\",\"ar\":\"\\u0641\\u0646\\u0632\\u0648\\u064a\\u0644\\u064a\"}', '2021-11-24 20:04:58', '2021-11-24 20:04:58'),
(239, '{\"en\":\"Vietnamese\",\"ar\":\"\\u0641\\u064a\\u062a\\u0646\\u0627\\u0645\\u064a\"}', '2021-11-24 20:04:58', '2021-11-24 20:04:58'),
(240, '{\"en\":\"American Virgin Islander\",\"ar\":\"\\u0623\\u0645\\u0631\\u064a\\u0643\\u064a\"}', '2021-11-24 20:04:58', '2021-11-24 20:04:58'),
(241, '{\"en\":\"Vatican\",\"ar\":\"\\u0641\\u0627\\u062a\\u064a\\u0643\\u0627\\u0646\\u064a\"}', '2021-11-24 20:04:58', '2021-11-24 20:04:58'),
(242, '{\"en\":\"Wallisian\\/Futunan\",\"ar\":\"\\u0641\\u0648\\u062a\\u0648\\u0646\\u064a\"}', '2021-11-24 20:04:58', '2021-11-24 20:04:58'),
(243, '{\"en\":\"Sahrawian\",\"ar\":\"\\u0635\\u062d\\u0631\\u0627\\u0648\\u064a\"}', '2021-11-24 20:04:58', '2021-11-24 20:04:58'),
(244, '{\"en\":\"Yemeni\",\"ar\":\"\\u064a\\u0645\\u0646\\u064a\"}', '2021-11-24 20:04:58', '2021-11-24 20:04:58'),
(245, '{\"en\":\"Zambian\",\"ar\":\"\\u0632\\u0627\\u0645\\u0628\\u064a\\u0627\\u0646\\u064a\"}', '2021-11-24 20:04:58', '2021-11-24 20:04:58'),
(246, '{\"en\":\"Zimbabwean\",\"ar\":\"\\u0632\\u0645\\u0628\\u0627\\u0628\\u0648\\u064a\"}', '2021-11-24 20:04:58', '2021-11-24 20:04:58');

-- --------------------------------------------------------

--
-- Table structure for table `password_resets`
--

CREATE TABLE `password_resets` (
  `email` varchar(191) COLLATE utf8mb4_unicode_ci NOT NULL,
  `token` varchar(191) COLLATE utf8mb4_unicode_ci NOT NULL,
  `created_at` timestamp NULL DEFAULT NULL
) ENGINE=InnoDB DEFAULT CHARSET=utf8mb4 COLLATE=utf8mb4_unicode_ci;

-- --------------------------------------------------------

--
-- Table structure for table `religions`
--

CREATE TABLE `religions` (
  `id` int(10) UNSIGNED NOT NULL,
  `religion_name` varchar(191) COLLATE utf8mb4_unicode_ci NOT NULL,
  `created_at` timestamp NULL DEFAULT NULL,
  `updated_at` timestamp NULL DEFAULT NULL
) ENGINE=InnoDB DEFAULT CHARSET=utf8mb4 COLLATE=utf8mb4_unicode_ci;

--
-- Dumping data for table `religions`
--

INSERT INTO `religions` (`id`, `religion_name`, `created_at`, `updated_at`) VALUES
(1, '[\"\\u0645\\u0633\\u0644\\u0645\",\"Muslim\"]', '2021-11-24 20:04:58', '2021-11-24 20:04:58'),
(2, '[\"\\u0645\\u0633\\u064a\\u062d\\u064a\",\"Christian\"]', '2021-11-24 20:04:58', '2021-11-24 20:04:58'),
(3, '[\"\\u063a\\u064a\\u0631 \\u0630\\u0644\\u0643\",\"Other\"]', '2021-11-24 20:04:58', '2021-11-24 20:04:58');

-- --------------------------------------------------------

--
-- Table structure for table `sections`
--

CREATE TABLE `sections` (
  `id` int(10) UNSIGNED NOT NULL,
  `section_name` varchar(191) COLLATE utf8mb4_unicode_ci NOT NULL,
  `status` int(11) NOT NULL,
  `grade_id` int(10) UNSIGNED NOT NULL,
  `chapter_id` int(10) UNSIGNED NOT NULL,
  `created_at` timestamp NULL DEFAULT NULL,
  `updated_at` timestamp NULL DEFAULT NULL
) ENGINE=InnoDB DEFAULT CHARSET=utf8mb4 COLLATE=utf8mb4_unicode_ci;

--
-- Dumping data for table `sections`
--

INSERT INTO `sections` (`id`, `section_name`, `status`, `grade_id`, `chapter_id`, `created_at`, `updated_at`) VALUES
(1, '{\"ar\":\"\\u0623\",\"en\":\"A\"}', 1, 1, 1, '2021-11-24 20:08:08', '2021-11-24 20:08:08'),
(2, '{\"ar\":\"\\u0628\",\"en\":\"B\"}', 1, 1, 2, '2021-11-24 20:08:17', '2021-11-24 20:08:17'),
(3, '{\"ar\":\"\\u062c\",\"en\":\"G\"}', 1, 1, 3, '2021-11-24 20:08:32', '2021-11-24 20:08:32'),
(4, '{\"ar\":\"\\u0623\",\"en\":\"A\"}', 1, 2, 4, '2021-11-24 20:08:50', '2021-11-24 20:08:50'),
(5, '{\"ar\":\"\\u0628\",\"en\":\"B\"}', 1, 2, 4, '2021-11-24 20:09:03', '2021-11-24 20:09:03');

-- --------------------------------------------------------

--
-- Table structure for table `users`
--

CREATE TABLE `users` (
  `id` bigint(20) UNSIGNED NOT NULL,
  `name` varchar(191) COLLATE utf8mb4_unicode_ci NOT NULL,
  `email` varchar(191) COLLATE utf8mb4_unicode_ci NOT NULL,
  `email_verified_at` timestamp NULL DEFAULT NULL,
  `password` varchar(191) COLLATE utf8mb4_unicode_ci NOT NULL,
  `remember_token` varchar(100) COLLATE utf8mb4_unicode_ci DEFAULT NULL,
  `created_at` timestamp NULL DEFAULT NULL,
  `updated_at` timestamp NULL DEFAULT NULL
) ENGINE=InnoDB DEFAULT CHARSET=utf8mb4 COLLATE=utf8mb4_unicode_ci;

--
-- Dumping data for table `users`
--

INSERT INTO `users` (`id`, `name`, `email`, `email_verified_at`, `password`, `remember_token`, `created_at`, `updated_at`) VALUES
(1, 'm7md elfert', 'medo@yahoo.com', NULL, '$2y$10$ED8MYw/LRQZEJyAZQbArZu1iplyab1sAm8HzkWS.OpcJYbh8RMR4m', NULL, '2021-11-24 20:05:38', '2021-11-24 20:05:38');

--
-- Indexes for dumped tables
--

--
-- Indexes for table `bloods`
--
ALTER TABLE `bloods`
  ADD PRIMARY KEY (`id`);

--
-- Indexes for table `chapters`
--
ALTER TABLE `chapters`
  ADD PRIMARY KEY (`id`),
  ADD KEY `chapters_grade_id_foreign` (`grade_id`);

--
-- Indexes for table `failed_jobs`
--
ALTER TABLE `failed_jobs`
  ADD PRIMARY KEY (`id`);

--
-- Indexes for table `grades`
--
ALTER TABLE `grades`
  ADD PRIMARY KEY (`id`),
  ADD UNIQUE KEY `grades_name_unique` (`name`);

--
-- Indexes for table `migrations`
--
ALTER TABLE `migrations`
  ADD PRIMARY KEY (`id`);

--
-- Indexes for table `my_parents`
--
ALTER TABLE `my_parents`
  ADD PRIMARY KEY (`id`),
  ADD UNIQUE KEY `my_parents_email_unique` (`email`),
  ADD UNIQUE KEY `my_parents_father_name_unique` (`father_name`),
  ADD UNIQUE KEY `my_parents_mother_name_unique` (`mother_name`),
  ADD KEY `my_parents_father_nationality_id_foreign` (`father_nationality_id`),
  ADD KEY `my_parents_father_religion_id_foreign` (`father_religion_id`),
  ADD KEY `my_parents_father_blood_id_foreign` (`father_blood_id`),
  ADD KEY `my_parents_mother_nationality_id_foreign` (`mother_nationality_id`),
  ADD KEY `my_parents_mother_religion_id_foreign` (`mother_religion_id`),
  ADD KEY `my_parents_mother_blood_id_foreign` (`mother_blood_id`);

--
-- Indexes for table `nationalities`
--
ALTER TABLE `nationalities`
  ADD PRIMARY KEY (`id`);

--
-- Indexes for table `password_resets`
--
ALTER TABLE `password_resets`
  ADD KEY `password_resets_email_index` (`email`);

--
-- Indexes for table `religions`
--
ALTER TABLE `religions`
  ADD PRIMARY KEY (`id`);

--
-- Indexes for table `sections`
--
ALTER TABLE `sections`
  ADD PRIMARY KEY (`id`),
  ADD KEY `sections_grade_id_foreign` (`grade_id`),
  ADD KEY `sections_chapter_id_foreign` (`chapter_id`);

--
-- Indexes for table `users`
--
ALTER TABLE `users`
  ADD PRIMARY KEY (`id`),
  ADD UNIQUE KEY `users_email_unique` (`email`);

--
-- AUTO_INCREMENT for dumped tables
--

--
-- AUTO_INCREMENT for table `bloods`
--
ALTER TABLE `bloods`
  MODIFY `id` int(10) UNSIGNED NOT NULL AUTO_INCREMENT, AUTO_INCREMENT=9;

--
-- AUTO_INCREMENT for table `chapters`
--
ALTER TABLE `chapters`
  MODIFY `id` int(10) UNSIGNED NOT NULL AUTO_INCREMENT, AUTO_INCREMENT=16;

--
-- AUTO_INCREMENT for table `failed_jobs`
--
ALTER TABLE `failed_jobs`
  MODIFY `id` bigint(20) UNSIGNED NOT NULL AUTO_INCREMENT;

--
-- AUTO_INCREMENT for table `grades`
--
ALTER TABLE `grades`
  MODIFY `id` int(10) UNSIGNED NOT NULL AUTO_INCREMENT, AUTO_INCREMENT=5;

--
-- AUTO_INCREMENT for table `migrations`
--
ALTER TABLE `migrations`
  MODIFY `id` int(10) UNSIGNED NOT NULL AUTO_INCREMENT, AUTO_INCREMENT=11;

--
-- AUTO_INCREMENT for table `my_parents`
--
ALTER TABLE `my_parents`
  MODIFY `id` int(10) UNSIGNED NOT NULL AUTO_INCREMENT;

--
-- AUTO_INCREMENT for table `nationalities`
--
ALTER TABLE `nationalities`
  MODIFY `id` int(10) UNSIGNED NOT NULL AUTO_INCREMENT, AUTO_INCREMENT=247;

--
-- AUTO_INCREMENT for table `religions`
--
ALTER TABLE `religions`
  MODIFY `id` int(10) UNSIGNED NOT NULL AUTO_INCREMENT, AUTO_INCREMENT=4;

--
-- AUTO_INCREMENT for table `sections`
--
ALTER TABLE `sections`
  MODIFY `id` int(10) UNSIGNED NOT NULL AUTO_INCREMENT, AUTO_INCREMENT=6;

--
-- AUTO_INCREMENT for table `users`
--
ALTER TABLE `users`
  MODIFY `id` bigint(20) UNSIGNED NOT NULL AUTO_INCREMENT, AUTO_INCREMENT=2;

--
-- Constraints for dumped tables
--

--
-- Constraints for table `chapters`
--
ALTER TABLE `chapters`
  ADD CONSTRAINT `chapters_grade_id_foreign` FOREIGN KEY (`grade_id`) REFERENCES `grades` (`id`) ON DELETE CASCADE;

--
-- Constraints for table `my_parents`
--
ALTER TABLE `my_parents`
  ADD CONSTRAINT `my_parents_father_blood_id_foreign` FOREIGN KEY (`father_blood_id`) REFERENCES `bloods` (`id`) ON DELETE CASCADE,
  ADD CONSTRAINT `my_parents_father_nationality_id_foreign` FOREIGN KEY (`father_nationality_id`) REFERENCES `nationalities` (`id`) ON DELETE CASCADE,
  ADD CONSTRAINT `my_parents_father_religion_id_foreign` FOREIGN KEY (`father_religion_id`) REFERENCES `religions` (`id`) ON DELETE CASCADE,
  ADD CONSTRAINT `my_parents_mother_blood_id_foreign` FOREIGN KEY (`mother_blood_id`) REFERENCES `bloods` (`id`) ON DELETE CASCADE,
  ADD CONSTRAINT `my_parents_mother_nationality_id_foreign` FOREIGN KEY (`mother_nationality_id`) REFERENCES `nationalities` (`id`) ON DELETE CASCADE,
  ADD CONSTRAINT `my_parents_mother_religion_id_foreign` FOREIGN KEY (`mother_religion_id`) REFERENCES `religions` (`id`) ON DELETE CASCADE;

--
-- Constraints for table `sections`
--
ALTER TABLE `sections`
  ADD CONSTRAINT `sections_chapter_id_foreign` FOREIGN KEY (`chapter_id`) REFERENCES `chapters` (`id`) ON DELETE CASCADE,
  ADD CONSTRAINT `sections_grade_id_foreign` FOREIGN KEY (`grade_id`) REFERENCES `grades` (`id`) ON DELETE CASCADE;
COMMIT;

/*!40101 SET CHARACTER_SET_CLIENT=@OLD_CHARACTER_SET_CLIENT */;
/*!40101 SET CHARACTER_SET_RESULTS=@OLD_CHARACTER_SET_RESULTS */;
/*!40101 SET COLLATION_CONNECTION=@OLD_COLLATION_CONNECTION */;
